﻿"Name","SamAccountName","GroupCategory","GroupScope","Description","ManagedBy","WhenCreated","WhenChanged","OU","DistinguishedName"
"Accès compatible pré-Windows 2000","Accès compatible pré-Windows 2000","Security","DomainLocal","Un groupe de compatibilité descendante qui autorise un accès en lecture sur tous les utilisateurs et groupes dans le domaine",,"02/02/2026 11:23:59","02/02/2026 14:38:00","CN=Builtin,DC=primebank,DC=local","CN=Accès compatible pré-Windows 2000,CN=Builtin,DC=primebank,DC=local"
"Accès DCOM service de certificats","Accès DCOM service de certificats","Security","DomainLocal","Les membres de ce groupe sont autorisés à se connecter à des autorités de certification d’entreprise.",,"02/02/2026 11:23:23","02/02/2026 14:38:00","CN=Builtin,DC=primebank,DC=local","CN=Accès DCOM service de certificats,CN=Builtin,DC=primebank,DC=local"
"Administrateurs","Administrateurs","Security","DomainLocal","Les membres du groupe Administrateurs disposent d’un accès complet et illimité à l’ordinateur et au domaine",,"02/02/2026 11:23:23","02/02/2026 11:39:18","CN=Builtin,DC=primebank,DC=local","CN=Administrateurs,CN=Builtin,DC=primebank,DC=local"
"Administrateurs clés","Administrateurs clés","Security","Global","Les membres de ce groupe peuvent effectuer des actions administratives sur des objets clés dans le domaine.",,"02/02/2026 11:23:59","02/02/2026 11:39:18","CN=Users,DC=primebank,DC=local","CN=Administrateurs clés,CN=Users,DC=primebank,DC=local"
"Administrateurs clés Enterprise","Administrateurs clés Enterprise","Security","Universal","Les membres de ce groupe peuvent effectuer des actions administratives sur des objets clés dans la forêt.",,"02/02/2026 11:23:59","02/02/2026 11:39:18","CN=Users,DC=primebank,DC=local","CN=Administrateurs clés Enterprise,CN=Users,DC=primebank,DC=local"
"Administrateurs de l’entreprise","Administrateurs de l’entreprise","Security","Universal","Administrateurs désignés de l’entreprise",,"02/02/2026 11:23:59","02/02/2026 11:39:18","CN=Users,DC=primebank,DC=local","CN=Administrateurs de l’entreprise,CN=Users,DC=primebank,DC=local"
"Administrateurs du schéma","Administrateurs du schéma","Security","Universal","Administrateurs désignés du schéma",,"02/02/2026 11:23:59","02/02/2026 11:39:18","CN=Users,DC=primebank,DC=local","CN=Administrateurs du schéma,CN=Users,DC=primebank,DC=local"
"Administrateurs Hyper-V","Administrateurs Hyper-V","Security","DomainLocal","Les membres de ce groupe disposent d’un accès complet et illimité à toutes les fonctionnalités de Hyper-V.",,"02/02/2026 11:23:23","02/02/2026 11:23:23","CN=Builtin,DC=primebank,DC=local","CN=Administrateurs Hyper-V,CN=Builtin,DC=primebank,DC=local"
"Admins du domaine","Admins du domaine","Security","Global","Administrateurs désignés du domaine",,"02/02/2026 11:23:59","02/02/2026 11:39:18","CN=Users,DC=primebank,DC=local","CN=Admins du domaine,CN=Users,DC=primebank,DC=local"
"Contrôleurs de domaine","Contrôleurs de domaine","Security","Global","Tous les contrôleurs de domaine du domaine",,"02/02/2026 11:23:59","02/02/2026 11:39:18","CN=Users,DC=primebank,DC=local","CN=Contrôleurs de domaine,CN=Users,DC=primebank,DC=local"
"Contrôleurs de domaine clonables","Contrôleurs de domaine clonables","Security","Global","Les membres de ce groupe qui sont des contrôleurs de domaine peuvent être clonés.",,"02/02/2026 11:23:59","02/02/2026 11:23:59","CN=Users,DC=primebank,DC=local","CN=Contrôleurs de domaine clonables,CN=Users,DC=primebank,DC=local"
"Contrôleurs de domaine d’entreprise en lecture seule","Contrôleurs de domaine d’entreprise en lecture seule","Security","Universal","Les membres de ce groupe sont des contrôleurs de domaine en lecture seule dans l’entreprise.",,"02/02/2026 11:23:59","02/02/2026 11:23:59","CN=Users,DC=primebank,DC=local","CN=Contrôleurs de domaine d’entreprise en lecture seule,CN=Users,DC=primebank,DC=local"
"Contrôleurs de domaine en lecture seule","Contrôleurs de domaine en lecture seule","Security","Global","Les membres de ce groupe sont des contrôleurs de domaine en lecture seule dans le domaine",,"02/02/2026 11:23:59","02/02/2026 11:39:18","CN=Users,DC=primebank,DC=local","CN=Contrôleurs de domaine en lecture seule,CN=Users,DC=primebank,DC=local"
"DnsAdmins","DnsAdmins","Security","DomainLocal","Groupe des administrateurs DNS",,"02/02/2026 11:24:48","02/02/2026 11:24:48","CN=Users,DC=primebank,DC=local","CN=DnsAdmins,CN=Users,DC=primebank,DC=local"
"DnsUpdateProxy","DnsUpdateProxy","Security","Global","Les clients DNS qui sont autorisés à effectuer des mises à jour dynamiques en tant que clients différents (tels que les serveurs DHCP).",,"02/02/2026 11:24:48","02/02/2026 11:24:48","CN=Users,DC=primebank,DC=local","CN=DnsUpdateProxy,CN=Users,DC=primebank,DC=local"
"Duplicateurs","Duplicateurs","Security","DomainLocal","Prend en charge la réplication des fichiers dans le domaine",,"02/02/2026 11:23:23","02/02/2026 11:39:18","CN=Builtin,DC=primebank,DC=local","CN=Duplicateurs,CN=Builtin,DC=primebank,DC=local"
"Éditeurs de certificats","Éditeurs de certificats","Security","DomainLocal","Les membres de ce groupe ont l’autorisation de publier des certificats dans le répertoire",,"02/02/2026 11:23:59","02/02/2026 14:38:00","CN=Users,DC=primebank,DC=local","CN=Éditeurs de certificats,CN=Users,DC=primebank,DC=local"
"Générateurs d’approbations de forêt entrante","Générateurs d’approbations de forêt entrante","Security","DomainLocal","Les membres de ce groupe peuvent créer des approbations à sens unique entrantes vers cette forêt",,"02/02/2026 11:23:59","02/02/2026 11:23:59","CN=Builtin,DC=primebank,DC=local","CN=Générateurs d’approbations de forêt entrante,CN=Builtin,DC=primebank,DC=local"
"GG_TM_Admins","GG_TM_Admins","Security","Global",,,"02/02/2026 12:02:21","03/02/2026 15:18:05","OU=Time Manager,DC=primebank,DC=local","CN=GG_TM_Admins,OU=Time Manager,DC=primebank,DC=local"
"GG_TM_Employees","GG_TM_Employees","Security","Universal",,,"02/02/2026 12:01:40","03/02/2026 15:24:06","OU=Time Manager,DC=primebank,DC=local","CN=GG_TM_Employees,OU=Time Manager,DC=primebank,DC=local"
"GG_TM_Managers","GG_TM_Managers","Security","Global",,,"02/02/2026 12:02:04","03/02/2026 15:19:18","OU=Time Manager,DC=primebank,DC=local","CN=GG_TM_Managers,OU=Time Manager,DC=primebank,DC=local"
"Groupe d’accès d’autorisation Windows","Groupe d’accès d’autorisation Windows","Security","DomainLocal","Les membres de ce groupe ont accès à l’attribut tokenGroupsGlobalAndUniversal sur les objets Utilisateur",,"02/02/2026 11:23:59","02/02/2026 11:23:59","CN=Builtin,DC=primebank,DC=local","CN=Groupe d’accès d’autorisation Windows,CN=Builtin,DC=primebank,DC=local"
"Groupe de réplication dont le mot de passe RODC est autorisé","Groupe de réplication dont le mot de passe RODC est autorisé","Security","DomainLocal","Les mots de passe des membres de ce groupe peuvent être répliqués sur tous les contrôleurs de domaine en lecture seule du domaine.",,"02/02/2026 11:23:59","02/02/2026 11:23:59","CN=Users,DC=primebank,DC=local","CN=Groupe de réplication dont le mot de passe RODC est autorisé,CN=Users,DC=primebank,DC=local"
"Groupe de réplication dont le mot de passe RODC est refusé","Groupe de réplication dont le mot de passe RODC est refusé","Security","DomainLocal","Les mots de passe des membres de ce groupe ne peuvent pas être répliqués sur des contrôleurs de domaine en lecture seule du domaine.",,"02/02/2026 11:23:59","02/02/2026 11:23:59","CN=Users,DC=primebank,DC=local","CN=Groupe de réplication dont le mot de passe RODC est refusé,CN=Users,DC=primebank,DC=local"
"IIS_IUSRS","IIS_IUSRS","Security","DomainLocal","Groupe intégré utilisé par les services Internet (IIS).",,"02/02/2026 11:23:23","02/02/2026 11:23:23","CN=Builtin,DC=primebank,DC=local","CN=IIS_IUSRS,CN=Builtin,DC=primebank,DC=local"
"Invités","Invités","Security","DomainLocal","Les membres du groupe Invités disposent par défaut du même accès que les membres du groupe Utilisateurs, à l’exception du compte Invité qui dispose d’autorisations restreintes",,"02/02/2026 11:23:23","02/02/2026 11:23:59","CN=Builtin,DC=primebank,DC=local","CN=Invités,CN=Builtin,DC=primebank,DC=local"
"Invités du domaine","Invités du domaine","Security","Global","Tous les invités du domaine",,"02/02/2026 11:23:59","02/02/2026 11:23:59","CN=Users,DC=primebank,DC=local","CN=Invités du domaine,CN=Users,DC=primebank,DC=local"
"Lecteurs des journaux d’événements","Lecteurs des journaux d’événements","Security","DomainLocal","Des membres de ce groupe peuvent lire les journaux des événements à partir de l’ordinateur local",,"02/02/2026 11:23:23","02/02/2026 11:23:23","CN=Builtin,DC=primebank,DC=local","CN=Lecteurs des journaux d’événements,CN=Builtin,DC=primebank,DC=local"
"Opérateurs d’impression","Opérateurs d’impression","Security","DomainLocal","Les membres peuvent administrer les imprimantes installées sur des contrôleurs de domaine",,"02/02/2026 11:23:23","02/02/2026 11:39:18","CN=Builtin,DC=primebank,DC=local","CN=Opérateurs d’impression,CN=Builtin,DC=primebank,DC=local"
"Opérateurs d'assistance de contrôle d'accès","Opérateurs d'assistance de contrôle d'accès","Security","DomainLocal","Les membres de ce groupe peuvent interroger à distance les attributs d’autorisation et les autorisations des ressources sur cette ordinateur.",,"02/02/2026 11:23:23","02/02/2026 11:23:23","CN=Builtin,DC=primebank,DC=local","CN=Opérateurs d'assistance de contrôle d'accès,CN=Builtin,DC=primebank,DC=local"
"Opérateurs de chiffrement","Opérateurs de chiffrement","Security","DomainLocal","Les membres sont autorisés à effectuer des opérations de chiffrement.",,"02/02/2026 11:23:23","02/02/2026 11:23:23","CN=Builtin,DC=primebank,DC=local","CN=Opérateurs de chiffrement,CN=Builtin,DC=primebank,DC=local"
"Opérateurs de compte","Opérateurs de compte","Security","DomainLocal","Les membres peuvent administrer les comptes utilisateur et groupe du domaine",,"02/02/2026 11:23:59","02/02/2026 11:39:18","CN=Builtin,DC=primebank,DC=local","CN=Opérateurs de compte,CN=Builtin,DC=primebank,DC=local"
"Opérateurs de configuration réseau","Opérateurs de configuration réseau","Security","DomainLocal","Les membres de ce groupe peuvent disposer de certaines autorisations d’administration pour la configuration des fonctionnalités réseau",,"02/02/2026 11:23:23","02/02/2026 11:23:23","CN=Builtin,DC=primebank,DC=local","CN=Opérateurs de configuration réseau,CN=Builtin,DC=primebank,DC=local"
"Opérateurs de sauvegarde","Opérateurs de sauvegarde","Security","DomainLocal","Les membres du groupe Opérateurs de sauvegarde peuvent passer outre les restrictions de sécurité uniquement dans le but d’effectuer la sauvegarde ou la restauration de fichiers",,"02/02/2026 11:23:23","02/02/2026 11:39:18","CN=Builtin,DC=primebank,DC=local","CN=Opérateurs de sauvegarde,CN=Builtin,DC=primebank,DC=local"
"Opérateurs de serveur","Opérateurs de serveur","Security","DomainLocal","Les membres peuvent administrer les serveurs de domaine",,"02/02/2026 11:23:59","02/02/2026 11:39:18","CN=Builtin,DC=primebank,DC=local","CN=Opérateurs de serveur,CN=Builtin,DC=primebank,DC=local"
"Ordinateurs du domaine","Ordinateurs du domaine","Security","Global","Toutes les stations de travail et les serveurs joints au domaine",,"02/02/2026 11:23:59","02/02/2026 11:23:59","CN=Users,DC=primebank,DC=local","CN=Ordinateurs du domaine,CN=Users,DC=primebank,DC=local"
"Propriétaires créateurs de la stratégie de groupe","Propriétaires créateurs de la stratégie de groupe","Security","Global","Les membres de ce groupe peuvent modifier la stratégie de groupe pour le domaine",,"02/02/2026 11:23:59","02/02/2026 11:23:59","CN=Users,DC=primebank,DC=local","CN=Propriétaires créateurs de la stratégie de groupe,CN=Users,DC=primebank,DC=local"
"Protected Users","Protected Users","Security","Global","Les membres de ce groupe bénéficient de protections supplémentaires contre les atteintes à la sécurité en matière d’authentification. Pour plus d’informations, voir http://go.microsoft.com/fwlink/?LinkId=298939.",,"02/02/2026 11:23:59","02/02/2026 11:23:59","CN=Users,DC=primebank,DC=local","CN=Protected Users,CN=Users,DC=primebank,DC=local"
"Serveurs Accès Distant RDS","Serveurs Accès Distant RDS","Security","DomainLocal","Les serveurs de ce groupe permettent aux utilisateurs des programmes RemoteApp et aux bureaux virtuels personnels d’accéder à ces ressources. Dans les déploiements avec accès via Internet, ces serveurs sont généralement déployés dans un réseau de périmètre. Ce groupe doit être renseigné sur les serveurs exécutant le service Broker pour les connexions Bureau à distance. Les serveurs Passerelle des services Bureaux à distance et les serveurs Accès Bureau à distance par le Web utilisés dans le déploiement doivent être dans ce groupe.",,"02/02/2026 11:23:23","02/02/2026 11:23:23","CN=Builtin,DC=primebank,DC=local","CN=Serveurs Accès Distant RDS,CN=Builtin,DC=primebank,DC=local"
"Serveurs de licences des services Terminal Server","Serveurs de licences des services Terminal Server","Security","DomainLocal","Les membres de ce groupe peuvent mettre à jour des comptes d’utilisateurs dans Active Directory avec des informations sur l’émission de licences, à des fins de suivi et de génération de rapports sur l’utilisation des licences d’accès client Terminal Server par utilisateur",,"02/02/2026 11:23:59","02/02/2026 11:23:59","CN=Builtin,DC=primebank,DC=local","CN=Serveurs de licences des services Terminal Server,CN=Builtin,DC=primebank,DC=local"
"Serveurs Gestion RDS","Serveurs Gestion RDS","Security","DomainLocal","Les serveurs de ce groupe peuvent effectuer des actions administratives de routine sur les serveurs exécutant Services Bureau à distance. Ce groupe doit être rempli sur tous les serveurs Services Bureau à distance. Les serveurs qui exécutent RDS Central Management doivent être inclus dans ce groupe.",,"02/02/2026 11:23:23","02/02/2026 11:23:23","CN=Builtin,DC=primebank,DC=local","CN=Serveurs Gestion RDS,CN=Builtin,DC=primebank,DC=local"
"Serveurs RAS et IAS","Serveurs RAS et IAS","Security","DomainLocal","Les serveurs de ce groupe peuvent accéder aux propriétés d’accès distant des utilisateurs",,"02/02/2026 11:23:59","02/02/2026 11:23:59","CN=Users,DC=primebank,DC=local","CN=Serveurs RAS et IAS,CN=Users,DC=primebank,DC=local"
"Serveurs RDS Endpoint","Serveurs RDS Endpoint","Security","DomainLocal","Les serveurs de ce groupe exécutent des ordinateurs virtuels et hébergent des sessions où les utilisateurs, les programmes RemoteApp et les bureaux virtuels personnels s’exécutent. Ce groupe doit être rempli sur des serveurs Broker pour les connexions Bureau à distance. Les serveurs hôtes de session Bureau à distance et les serveurs hôtes de virtualisation des services Bureau à distance utilisés dans le déploiement doivent être dans ce groupe.",,"02/02/2026 11:23:23","02/02/2026 11:23:23","CN=Builtin,DC=primebank,DC=local","CN=Serveurs RDS Endpoint,CN=Builtin,DC=primebank,DC=local"
"Storage Replica Administrators","Storage Replica Administrators","Security","DomainLocal","Les membres de ce groupe bénéficient d'un accès total et illimité à l'ensemble des fonctionnalités de Storage Replica.",,"02/02/2026 11:23:23","02/02/2026 11:23:23","CN=Builtin,DC=primebank,DC=local","CN=Storage Replica Administrators,CN=Builtin,DC=primebank,DC=local"
"Utilisateurs","Utilisateurs","Security","DomainLocal","Les utilisateurs ne peuvent pas effectuer de modifications accidentelles ou intentionnelles à l’échelle du système ; par ailleurs, ils peuvent exécuter la plupart des applications.",,"02/02/2026 11:23:23","02/02/2026 11:23:59","CN=Builtin,DC=primebank,DC=local","CN=Utilisateurs,CN=Builtin,DC=primebank,DC=local"
"Utilisateurs de gestion à distance","Utilisateurs de gestion à distance","Security","DomainLocal","Les membres de ce groupe ont accès aux ressources WMI via des protocoles de gestion (tels que  WS-Management via le service Gestion à distance Windows). Cela ne s’applique qu’aux espaces de noms WMI qui accordent l’accès à l’utilisateur.",,"02/02/2026 11:23:23","02/02/2026 11:23:23","CN=Builtin,DC=primebank,DC=local","CN=Utilisateurs de gestion à distance,CN=Builtin,DC=primebank,DC=local"
"Utilisateurs de l’Analyseur de performances","Utilisateurs de l’Analyseur de performances","Security","DomainLocal","Les membres de ce groupe peuvent accéder aux données de compteur de performance localement et à distance.",,"02/02/2026 11:23:23","02/02/2026 11:23:23","CN=Builtin,DC=primebank,DC=local","CN=Utilisateurs de l’Analyseur de performances,CN=Builtin,DC=primebank,DC=local"
"Utilisateurs du Bureau à distance","Utilisateurs du Bureau à distance","Security","DomainLocal","Les membres de ce groupe disposent des droits nécessaires pour ouvrir une session à distance",,"02/02/2026 11:23:23","02/02/2026 11:23:23","CN=Builtin,DC=primebank,DC=local","CN=Utilisateurs du Bureau à distance,CN=Builtin,DC=primebank,DC=local"
"Utilisateurs du domaine","Utilisateurs du domaine","Security","Global","Tous les utilisateurs du domaine",,"02/02/2026 11:23:59","02/02/2026 11:23:59","CN=Users,DC=primebank,DC=local","CN=Utilisateurs du domaine,CN=Users,DC=primebank,DC=local"
"Utilisateurs du journal de performances","Utilisateurs du journal de performances","Security","DomainLocal","Les membres de ce groupe peuvent planifier la journalisation des compteurs de performance, activer les fournisseurs de trace et collecter les suivis d’événements à la fois localement et via un accès distant à cet ordinateur",,"02/02/2026 11:23:23","02/02/2026 11:23:23","CN=Builtin,DC=primebank,DC=local","CN=Utilisateurs du journal de performances,CN=Builtin,DC=primebank,DC=local"
"Utilisateurs du modèle COM distribué","Utilisateurs du modèle COM distribué","Security","DomainLocal","Les membres sont autorisés à lancer, à activer et à utiliser sur cet ordinateur les objets COM distribués.",,"02/02/2026 11:23:23","02/02/2026 11:23:23","CN=Builtin,DC=primebank,DC=local","CN=Utilisateurs du modèle COM distribué,CN=Builtin,DC=primebank,DC=local"
