﻿"Name","DistinguishedName","CanonicalName","Description","ManagedBy","ProtectedFromAccidentalDeletion"
"Domain Controllers","OU=Domain Controllers,DC=primebank,DC=local","primebank.local/Domain Controllers","Default container for domain controllers",,"False"
"Time Manager","OU=Time Manager,DC=primebank,DC=local","primebank.local/Time Manager",,,"False"
"Utilisateurs","OU=Utilisateurs,DC=primebank,DC=local","primebank.local/Utilisateurs",,,"False"
"Conseillers","OU=Conseillers,OU=Utilisateurs,DC=primebank,DC=local","primebank.local/Utilisateurs/Conseillers",,,"False"
"Finance","OU=Finance,OU=Utilisateurs,DC=primebank,DC=local","primebank.local/Utilisateurs/Finance",,,"False"
"IT","OU=IT,OU=Utilisateurs,DC=primebank,DC=local","primebank.local/Utilisateurs/IT",,,"False"
"Juridique","OU=Juridique,OU=Utilisateurs,DC=primebank,DC=local","primebank.local/Utilisateurs/Juridique",,,"False"
"RH","OU=RH,OU=Utilisateurs,DC=primebank,DC=local","primebank.local/Utilisateurs/RH",,,"False"
"Tresorerie","OU=Tresorerie,OU=Utilisateurs,DC=primebank,DC=local","primebank.local/Utilisateurs/Tresorerie",,,"False"
