﻿"DisplayName","GivenName","Surname","SamAccountName","UserPrincipalName","Mail","Enabled","LockedOut","PasswordNeverExpires","PasswordLastSet","LastLogonDate","WhenCreated","WhenChanged","OU","DistinguishedName"
,,,"Administrateur",,,"True","False","True","02/02/2026 10:38:05","02/02/2026 11:38:24","02/02/2026 11:23:23","02/02/2026 11:39:18","CN=Users,DC=primebank,DC=local","CN=Administrateur,CN=Users,DC=primebank,DC=local"
,,,"Invité",,,"False","False","True",,,"02/02/2026 11:23:23","02/02/2026 11:23:23","CN=Users,DC=primebank,DC=local","CN=Invité,CN=Users,DC=primebank,DC=local"
,,,"krbtgt",,,"False","False","False","02/02/2026 11:23:59",,"02/02/2026 11:23:59","02/02/2026 11:39:18","CN=Users,DC=primebank,DC=local","CN=krbtgt,CN=Users,DC=primebank,DC=local"
"Employer Conseillers","Employer","Conseillers","employercons","employercons@primebank.local",,"True","False","True","03/02/2026 15:15:33",,"03/02/2026 15:15:33","03/02/2026 15:15:33","OU=Conseillers,OU=Utilisateurs,DC=primebank,DC=local","CN=Employer Conseillers,OU=Conseillers,OU=Utilisateurs,DC=primebank,DC=local"
"Employer Finance","Employer","Finance","employerfinance","employerfinance@primebank.local",,"True","False","True","03/02/2026 15:23:44",,"03/02/2026 15:23:44","03/02/2026 15:24:22","OU=Finance,OU=Utilisateurs,DC=primebank,DC=local","CN=Employer Finance,OU=Finance,OU=Utilisateurs,DC=primebank,DC=local"
"Employer IT","Employer","IT","employerit","employerit@primebank.local",,"True","False","True","03/02/2026 15:18:53",,"03/02/2026 15:18:53","03/02/2026 15:19:33","OU=IT,OU=Utilisateurs,DC=primebank,DC=local","CN=Employer IT,OU=IT,OU=Utilisateurs,DC=primebank,DC=local"
"Employer RH","Employer","RH","employerrh","employerrh@primebank.local",,"True","False","True","03/02/2026 15:24:06",,"03/02/2026 15:24:06","03/02/2026 15:24:14","OU=RH,OU=Utilisateurs,DC=primebank,DC=local","CN=Employer RH,OU=RH,OU=Utilisateurs,DC=primebank,DC=local"
"Employer Tresorerie","Employer","Tresorerie","empoyertreso","empoyertreso@primebank.local",,"True","False","True","03/02/2026 15:17:30",,"03/02/2026 15:17:30","03/02/2026 15:19:41","OU=Tresorerie,OU=Utilisateurs,DC=primebank,DC=local","CN=Employer Tresorerie,OU=Tresorerie,OU=Utilisateurs,DC=primebank,DC=local"
"Emplyer Juridique","Employer","Juridique","emplyerjur","emplyerjur@primebank.local",,"True","False","True","03/02/2026 15:21:06",,"03/02/2026 15:21:06","03/02/2026 15:22:21","OU=Juridique,OU=Utilisateurs,DC=primebank,DC=local","CN=Employer Juridique,OU=Juridique,OU=Utilisateurs,DC=primebank,DC=local"
"Kevin SEMERCIYAN","Kevin","SEMERCIYAN","ksemerciyan","ksemerciyan@primebank.local",,"True","False","True","03/02/2026 14:23:05","03/02/2026 14:33:32","03/02/2026 00:26:03","03/02/2026 15:12:32","OU=IT,OU=Utilisateurs,DC=primebank,DC=local","CN=Kevin SEMERCIYAN,OU=IT,OU=Utilisateurs,DC=primebank,DC=local"
"Manager","Manager","RH","managerrh","managerrh@primebank.local",,"True","False","True","03/02/2026 14:36:35","03/02/2026 14:36:44","03/02/2026 14:36:35","03/02/2026 15:12:26","OU=RH,OU=Utilisateurs,DC=primebank,DC=local","CN=Manager RH,OU=RH,OU=Utilisateurs,DC=primebank,DC=local"
"Manager Conseillers","Manager","Conseillers","managercons","managercons@primebank.local",,"True","False","True","03/02/2026 15:13:49",,"03/02/2026 15:13:49","03/02/2026 15:13:49","OU=Conseillers,OU=Utilisateurs,DC=primebank,DC=local","CN=Manager Conseillers,OU=Conseillers,OU=Utilisateurs,DC=primebank,DC=local"
"Manager Finance","Manager","Finance","managerfinance","managerfinance@primebank.local",,"True","False","True","03/02/2026 15:12:07",,"03/02/2026 15:12:07","03/02/2026 15:12:15","OU=Finance,OU=Utilisateurs,DC=primebank,DC=local","CN=Manager Finance,OU=Finance,OU=Utilisateurs,DC=primebank,DC=local"
"Manager IT","Manager","IT","managerit","managerit@primebank.local",,"True","False","True","03/02/2026 15:19:18",,"03/02/2026 15:19:18","03/02/2026 15:19:28","OU=IT,OU=Utilisateurs,DC=primebank,DC=local","CN=Manager IT,OU=IT,OU=Utilisateurs,DC=primebank,DC=local"
"Manager Juridique","Manager","Juridique","managerjur","managerjur@primebank.local",,"True","False","False","03/02/2026 15:14:32",,"03/02/2026 15:14:32","03/02/2026 15:14:32","OU=Juridique,OU=Utilisateurs,DC=primebank,DC=local","CN=Manager Juridique,OU=Juridique,OU=Utilisateurs,DC=primebank,DC=local"
"Manager Tresorerie","Manager","Tresorerie","managertreso","managertreso@primebank.local",,"True","False","True","03/02/2026 15:13:13",,"03/02/2026 15:13:13","03/02/2026 15:13:13","OU=Tresorerie,OU=Utilisateurs,DC=primebank,DC=local","CN=Manager Tresorerie,OU=Tresorerie,OU=Utilisateurs,DC=primebank,DC=local"
